基辅罗斯餐厅,http://www.dianping.com/shop/510875,玉渊潭南路普惠南里13号
大槐树烤肉馆,http://www.dianping.com/shop/509169,美术馆东街23号
侍神户深夜日式烤肉,http://www.dianping.com/shop/5249643,霄云路32号快客2楼左拐
火齐潮汕砂锅粥,http://www.dianping.com/shop/58331899,成府路29号五道口国际食尚苑1层
老码头火锅,http://www.dianping.com/shop/19383684,大屯北路金泉美食宫6号大堂二层
1949全鸭季,http://www.dianping.com/shop/2519368,工体北路4号院
羲和同乐烤鸭坊,http://www.dianping.com/shop/13797957,复兴路51号凯德晶品购物中心内
流氓村,http://www.dianping.com/shop/19183462,望京西园四区423-424号楼 韩国美食城2层
小井儿家串串香,http://www.dianping.com/shop/20642460,展春园西路2号蓟鑫大厦
五味老广东,http://www.dianping.com/shop/11547329,五道口展春园西路蓟鑫大厦南侧4层
三公潮汕鲜牛肉火锅,http://www.dianping.com/shop/65836838,工人体育场北路世茂工三13号院1号楼底商
老棒棒重庆土灶火锅,http://www.dianping.com/shop/18671382,大柳树路6号
芝士蜜瑞士芝士火锅餐厅,http://www.dianping.com/shop/5322808,南锣鼓巷小菊儿胡同69号
宽板凳老灶火锅,http://www.dianping.com/shop/22404970,学清路41号
井格老灶火锅,http://www.dianping.com/shop/18053479,朝外市场街悠唐5楼
宽板凳老灶火锅,http://www.dianping.com/shop/32343696,东直门内大街150-8号
三样菜,http://www.dianping.com/shop/19354234,定慧北里23号蓝宏中心1-2层
雕爷牛腩,http://www.dianping.com/shop/18199895,中关村大街40号当代商城7层
食D,http://www.dianping.com/shop/21010043,屯三里购物中心永利国际大厦1层
盐泉Salt Spring,http://www.dianping.com/shop/2355952,将台西路9-3日本人学校对面
The View 3912,http://www.dianping.com/shop/17620855,建国路88号 SOHO现代城A座3912号
鹊 La Pie,http://www.dianping.com/shop/17614501,五道营胡同60号
福七 La Fourchette,http://www.dianping.com/shop/5995548,三里屯路甲7号
柏林时光,http://www.dianping.com/shop/15091320,霄云里6号，城宝饭店1层
湘水之珠,http://www.dianping.com/shop/2627470,万寿路北口翠微西里
agua 西班牙餐厅,http://www.dianping.com/shop/4232273,三里屯北街81号 那里花园4层
Capital M,http://www.dianping.com/shop/3157147,前门步行街2号3楼
Eatalia,http://www.dianping.com/shop/4680139,成府路华清嘉园12号楼
盆景重庆老火锅,http://www.dianping.com/shop/15875187,神路街39号 日坛上街1-30号
高兴火锅,http://www.dianping.com/shop/4719450,知春路甲20号
阿咪啄啄云南菜,http://www.dianping.com/shop/21302891,双清路88号东侧3层桥香园
口福居火锅,http://www.dianping.com/shop/510622,知春路29号大学生公寓7-8号楼
重八牛府,http://www.dianping.com/shop/17677116,双榆树东里15号北京一零一中学双榆树校区
菊水亭日本料理,http://www.dianping.com/shop/19265521,中关村科学院南路2号融科资讯大厦C座B1层
小杨楼私房菜馆,http://www.dianping.com/shop/6336049,西牛角胡同1号
TRB,http://www.dianping.com/shop/5455635,沙滩北街23号
花家怡园,http://www.dianping.com/shop/507755,东直门内大街235号
羲和雅苑烤鸭坊,http://www.dianping.com/shop/2401177,中关村大街15-3号
1949-全鸭季,http://www.dianping.com/shop/5260542,金宝街98号
Feast Food by EAST,http://www.dianping.com/shop/6455006,酒仙桥路22号东隅酒店二楼
凯宾斯基面包房,http://www.dianping.com/shop/507779,亮马桥路50号凯宾斯基饭店1楼
鸟屯,http://www.dianping.com/shop/5477290,工体东路甲6号智胜快捷酒店1楼
博多一幸舍,http://www.dianping.com/shop/21578659,朝外大街东大桥路9号侨福芳草地B2楼LG210单元
HI辣火锅,http://www.dianping.com/shop/9040309,香饵胡同112号
梅府家宴,http://www.dianping.com/shop/511875,大翔凤胡同24号
松子日本料理,http://www.dianping.com/shop/1891015,朝阳北路225号京龙大厦2楼
松子日本料理,http://www.dianping.com/shop/508446,亮马桥路39号第一上海中心1楼
Fly pizza&Hoodadak Chicken,http://www.dianping.com/shop/6225405,广顺北大街19号六百本商业街北区1楼A-29号
上尊法式铁板烧自助餐厅,http://www.dianping.com/shop/18281480,光华路金台里2号温特莱中心路北侧
安妮意大利餐厅,http://www.dianping.com/shop/15953006,光华路阳光100公寓对面
嘉里大酒店嘉品餐厅,http://www.dianping.com/shop/508880,光华路一号北京嘉里大酒店一层
京兆尹,http://www.dianping.com/shop/5618484,五道营胡同2号
九十九顶毡房,http://www.dianping.com/shop/3456277,东升乡马坊村永泰庄北路9号（北五环林萃桥北第四个红绿灯左转）
江户前寿司,http://www.dianping.com/shop/38787189,金城坊街9-6号
德来聚驴肉店,http://www.dianping.com/shop/5260297,佟麟阁路46号
秦唐府,http://www.dianping.com/shop/512830,朝阳门内南小街69号
KATCHUP,http://www.dianping.com/shop/16975233,交道口南大街53号
丹桂餐厅,http://www.dianping.com/shop/516400,美术馆东街崔府夹道
面屋大无限,http://www.dianping.com/shop/5599576,建国门外大街光华东里8号楼中海广场B1楼
MY SOUP 卖汤,http://www.dianping.com/shop/19586160,东三环中路1号环球金融中心西楼1层104号单元
新加坡美食章记餐厅,http://www.dianping.com/shop/33116533,国子监街98号
一笼小确幸,http://www.dianping.com/shop/67680719,朝阳北路101号朝阳大悦城6F-02
黄门老灶火锅,http://www.dianping.com/shop/54860285,慧忠北路慧忠里231号
四季民福烤鸭店,http://www.dianping.com/shop/21663488,和平里西街21号北京商报2层
绚味,http://www.dianping.com/shop/67816290,王府井大街138号APM6层L632A
元古本店,http://www.dianping.com/shop/59252602,箭厂胡同34号
Obsession Bistro,http://www.dianping.com/shop/66930495,交道口北三条34号
Chi restaurant,http://www.dianping.com/shop/14743563,五道营胡同67号
御湘堂,http://www.dianping.com/shop/38331732,来广营乡清河营郊野公园5号A栋
tomacado花厨,http://www.dianping.com/shop/23631327,东三环北路27号嘉铭中心B1
潇湘阁,http://www.dianping.com/shop/6439092,三里屯SOHO1号商场B1-117
Amico BJ,http://www.dianping.com/shop/66921060,神路街39号日坛上街3层102，103
瓜串串,http://www.dianping.com/shop/5166334,金房苑东路29号
姥姥家春饼店,http://www.dianping.com/shop/8927765,交大东路54号
比如部落烤串坊,http://www.dianping.com/shop/4289387,清华大学西门北三百米天桥下路东
芳叔,http://www.dianping.com/shop/24801722,东方新天地B-1层cc01铺
黄门老灶火锅,http://www.dianping.com/shop/10644837,百子湾路37号
阿庆蛋挞,http://www.dianping.com/shop/2607478,魏公村社区南门东路北（近民大西路）都市丽人隔壁
桥场居酒屋,http://www.dianping.com/shop/2233264,工体北路4号机电院股份公司院内滚石迪厅对面1楼
罗兰湖餐厅,http://www.dianping.com/shop/19210686,芳园西路6号
红墙小院,http://www.dianping.com/shop/20722284,史家胡同41号
雅典娜希腊餐厅,http://www.dianping.com/shop/510005,三里屯西五街1号
三姐家乡菜,http://www.dianping.com/shop/2387572,恩济西街恩济庄46号G区
北平三兄弟涮肉,http://www.dianping.com/shop/22439161,东直门内大街5―6
船歌鱼水饺,http://www.dianping.com/shop/32871359,丹棱街新中关购物中心三楼301b
一期一会私房寿司,http://www.dianping.com/shop/3087334,朝阳门外大街昆泰国际公寓1507（原南锣鼓巷店）
北京语言大学东尼亚穆斯林餐厅,http://www.dianping.com/shop/512777,学院路15号北京语言大学校园内
铃木食堂,http://www.dianping.com/shop/8948136,东直门内大街288-29号
东兴楼饭庄,http://www.dianping.com/shop/509723,东直门内大街5号
然寿司,http://www.dianping.com/shop/9428737,通惠河北路郎园vintage郎家园6号南门
宜芝多,http://www.dianping.com/shop/8025291,东大桥路9号侨福芳草地购物中心B2楼
美之子日本料理,http://www.dianping.com/shop/2880715,万柳东路北纬四十度大酒店1楼
小大董,http://www.dianping.com/shop/18222526,东大桥路9号侨福芳草地大厦LG2-11A
唐廊.朴禅,http://www.dianping.com/shop/18928890,中关村当代商城7层
海老寿日本料理,http://www.dianping.com/shop/16797485,三源里街5号楼底商
伊藤酒菜处,http://www.dianping.com/shop/9007282,芳草地北巷甲1号
无名酒吧餐厅,http://www.dianping.com/shop/2360032,后海银锭桥南大金丝胡同1号
天桥老金涮肉,http://www.dianping.com/shop/11553775,天桥福长街五条12号
炉鱼,http://www.dianping.com/shop/19608207,中关村大街19号新中关购物中心3楼307-308
MsMood,http://www.dianping.com/shop/23001624,南锣鼓巷菊儿胡同7号一轻研究所院内A座
川办餐厅,http://www.dianping.com/shop/510880,建国门内大街贡院西街头条5号
石记私家烤羊腿,http://www.dianping.com/shop/15641500,光华路与秀水东街交叉路口向南20米路东
Vineyard Cafe,http://www.dianping.com/shop/1995541,五道营胡同31号
The Rug,http://www.dianping.com/shop/15952873,工体北路4号机电研究院内
新元素餐厅,http://www.dianping.com/shop/18576873,曙光西里甲5号 凤凰汇购物中心1层
游You-House,http://www.dianping.com/shop/5325097,五道营胡同27号
居酒屋のんべい,http://www.dianping.com/shop/13864416,学清路甲5号院大华电子厂东门北侧300米
猪大哥,http://www.dianping.com/shop/16822263,望京广顺北大街凯德MALL斜对面韩式美食城2层
杨家火锅,http://www.dianping.com/shop/15100491,顺源街3号时尚佳亿四楼
西堤厚牛排,http://www.dianping.com/shop/8002840,王府井大街138号APM五楼西堤牛排
大董,http://www.dianping.com/shop/16722979,阜成路93号
莫尔顿牛排坊 morton's,http://www.dianping.com/shop/6216816,金宝街99号 丽晶酒店2层
王品牛排,http://www.dianping.com/shop/515327,华远街置地星座9号楼下层广场
王品牛排,http://www.dianping.com/shop/2917225,北辰东路8号院北辰时代大厦B1楼B10
四叶寿司,http://www.dianping.com/shop/5255451,三里屯北小街2号
雪中鲜渔村,http://www.dianping.com/shop/2965594,北三环西路28号，双安商城往东200米处路南
一书咖啡,http://www.dianping.com/shop/18662206,世贸天阶北侧世界城商业街屈臣氏西侧(W103)商铺
藏红花西餐厅,http://www.dianping.com/shop/2636848,安定门五道营胡同64号院
新疆大厦汗腾格里・风味清真餐厅,http://www.dianping.com/shop/569179,三里河路7号 新疆大厦嘉宾楼1层
申德勒加油站西餐厅,http://www.dianping.com/shop/510993,光华路甲15号日坛公园南门
卷时,http://www.dianping.com/shop/17928711,建国路88号 SOHO现代城B座-3601
La Bamba,http://www.dianping.com/shop/2586868,成府路华清嘉园东门北
The Pho Laboratory,http://www.dianping.com/shop/18145312,新中街4条14号
华天峨嵋酒家,http://www.dianping.com/shop/4084507,大慧寺路6号
BF Kitchen 友家小馆,http://www.dianping.com/shop/6116768,东三环中路7号财富中心公寓楼底W111号
THE WAY,http://www.dianping.com/shop/18150373,好运街1-27号
幸,http://www.dianping.com/shop/24802360,交道口南大街菊儿胡同33号古韵坊酒店院内
古早味,http://www.dianping.com/shop/19299420,四道口2号乐天玛特超市对面
古早味,http://www.dianping.com/shop/27282128,学清路农大东区西门北侧写字楼
马克西姆,http://www.dianping.com/shop/507671,崇文门西大街2号崇文门饭店1楼
胶东海鲜大排档,http://www.dianping.com/shop/3527782,魏公村路与民族大学西路交口
CoCo曳屋,http://www.dianping.com/shop/6040247,朝阳北路101号朝阳大悦城6楼
